2021-04-12 17:31:31.989215,['1267.99', '25.25', '25.25\r\n']
2021-04-12 17:31:33.997159,['1254.77', '25.21', '25.21\r\n']
2021-04-12 17:31:36.003370,['1252.27', '25.22', '25.22\r\n']
2021-04-12 17:31:38.008344,['1244.20', '25.23', '25.23\r\n']
2021-04-12 17:31:40.014325,['1238.37', '25.23', '25.23\r\n']
2021-04-12 17:31:42.021369,['1232.93', '25.26', '25.26\r\n']
2021-04-12 17:31:44.022375,['1231.05', '25.25', '25.25\r\n']
2021-04-12 17:31:46.024376,['1229.85', '25.25', '25.25\r\n']
2021-04-12 17:31:48.036391,['1231.13', '25.26', '25.26\r\n']
2021-04-12 17:31:52.039689,['1231.62', '25.29', '25.29\r\n']
2021-04-12 17:31:54.042712,['1236.53', '25.29', '25.29\r\n']
2021-04-12 17:31:58.057343,['1233.40', '25.35', '25.35\r\n']
2021-04-12 17:32:00.053298,['1234.62', '25.39', '25.39\r\n']
2021-04-12 17:32:02.056312,['1231.53', '25.39', '25.39\r\n']
2021-04-12 17:32:04.065283,['1227.93', '25.39', '25.39\r\n']
2021-04-12 17:41:26.494697,1292.19,24.27,24.27
2021-04-13 09:01:05.330359,511.43,21.59,21.59
2021-04-13 09:02:05.323373,505.18,22.04,22.04
2021-04-13 09:03:05.327658,503.29,22.43,22.43
2021-04-13 10:17:46.806609,790.29,24.40,24.40
2021-04-13 17:26:12.993272,1377.17,23.38,23.38
2021-04-13 17:26:15.002403,1375.84,23.38,23.38
2021-04-13 17:26:17.012674,1375.17,23.42,23.42
2021-04-13 17:26:19.023423,1376.23,23.44,23.44
2021-04-13 17:26:21.034076,1373.68,23.47,23.47
2021-04-13 17:26:23.045339,1373.91,23.50,23.50
2021-04-13 17:26:26.055303,1375.57,23.51,23.51
2021-04-13 17:26:28.065896,1374.05,23.54,23.54
2021-04-13 17:26:30.076174,1374.34,23.58,23.58
2021-04-13 17:26:32.086912,1373.16,23.58,23.58
2021-04-13 17:58:36.218967,1362.62,25.77,37.43
2021-04-13 17:58:38.229656,1371.15,25.77,37.23
2021-04-13 17:58:40.239940,1366.32,25.77,37.09
2021-04-13 17:58:42.250800,1375.23,25.76,37.05
2021-04-13 17:58:44.261084,1367.38,25.76,37.06
2021-04-13 17:58:47.270903,1362.35,25.76,37.06
2021-04-13 17:58:49.281728,1361.41,25.76,37.04
2021-04-13 17:58:51.292453,1364.58,25.76,36.86
2021-04-13 17:58:53.303354,1356.77,25.75,36.27
2021-04-13 17:58:55.313581,1353.50,25.75,36.31
2021-04-13 17:58:57.324296,1351.65,25.75,36.52
2021-04-13 17:58:59.335517,1346.23,25.75,36.67
2021-04-13 17:59:02.346525,1344.09,25.75,36.73
2021-04-13 17:59:04.357242,1342.23,25.73,36.76
2021-04-13 17:59:06.368998,1342.64,25.76,36.82
2021-04-13 17:59:08.378363,1339.94,25.72,36.83
2021-04-13 17:59:10.390073,1338.08,25.73,36.85
2021-04-13 17:59:12.399341,1337.57,25.77,36.84
2021-04-13 18:00:21.298327,1334.69,25.72,35.22
2021-04-13 18:01:22.307072,1323.57,25.67,35.87
2021-04-13 18:02:23.316409,1305.08,25.67,35.35
2021-04-13 18:03:24.326755,1286.39,25.66,34.42
2021-04-13 18:04:25.335683,1273.31,25.65,34.07
2021-04-13 18:05:26.345010,1259.52,25.62,33.35
2021-04-13 18:06:27.353741,1256.86,25.59,33.28
2021-04-13 18:07:28.362695,1255.20,25.59,32.85
2021-04-13 18:08:29.373023,1255.72,25.55,32.70
2021-04-13 18:09:30.381375,1247.63,25.53,32.57
2021-04-13 18:10:31.391691,1234.66,25.50,32.51
2021-04-13 18:11:32.400439,1232.26,25.46,32.43
2021-04-13 18:12:33.410828,1223.27,25.43,32.55
2021-04-13 18:13:34.419690,1214.68,25.42,32.46
2021-04-13 18:14:35.429464,1204.07,25.36,32.56
2021-04-13 18:15:36.438354,1207.66,25.35,32.56
2021-04-13 18:16:37.447087,1208.64,25.36,32.51
2021-04-13 18:17:38.457476,1206.04,25.33,32.42
2021-04-13 18:18:39.465783,1205.39,25.32,32.43
2021-04-13 18:19:40.475674,1203.75,25.30,32.37
2021-04-13 18:20:41.486032,1200.82,25.26,32.36
2021-04-13 18:21:42.494841,1206.07,25.26,32.45
2021-04-13 18:22:43.505131,1209.35,25.26,32.36
2021-04-13 18:23:44.514061,1202.83,25.22,32.31
2021-04-13 18:24:45.523378,1199.08,25.22,32.31
2021-04-13 18:25:46.533698,1189.58,25.19,32.17
2021-04-13 18:26:47.542502,1180.35,25.17,32.19
2021-04-13 18:27:48.552834,1177.67,25.18,32.19
2021-04-13 18:28:49.561714,1176.18,25.15,32.17
2021-04-13 18:29:50.571044,1174.11,25.15,32.13
2021-04-13 18:30:51.581373,1170.65,25.14,32.14
2021-04-13 18:31:52.590111,1167.25,25.11,32.14
2021-04-13 18:32:53.600447,1162.50,25.11,32.12
2021-04-13 18:33:54.607527,1157.10,25.08,32.07
2021-04-13 18:34:55.608562,1150.91,25.05,32.06
2021-04-13 18:35:56.612281,1145.77,25.04,32.07
2021-04-13 18:36:57.615058,1138.82,25.02,32.01
2021-04-13 18:37:58.619970,1130.59,25.02,31.99
2021-04-13 18:38:59.623991,1126.68,25.01,32.05
2021-04-13 18:40:00.627760,1129.38,24.97,32.00
2021-04-13 18:41:01.634064,1129.58,24.97,32.08
2021-04-13 18:42:02.638960,1127.19,24.95,32.05
2021-04-13 18:43:03.645803,1123.55,24.91,32.09
2021-04-13 18:44:04.651559,1119.86,24.91,32.06
2021-04-13 18:45:05.656896,1122.42,24.88,32.03
2021-04-13 18:46:06.664448,1115.42,24.89,31.97
2021-04-13 18:47:07.670679,1104.87,24.88,31.99
2021-04-13 18:48:08.678168,1099.85,24.82,31.90
2021-04-13 18:49:09.684228,1097.57,24.82,32.01
2021-04-13 18:50:10.691447,1098.55,24.80,31.93
2021-04-13 18:51:11.702198,1099.15,24.81,32.00
2021-04-13 18:52:12.708696,1094.38,24.80,32.03
2021-04-13 18:53:13.717154,1089.61,24.77,31.91
2021-04-13 18:54:14.724337,1082.79,24.78,32.02
2021-04-13 18:55:15.731548,1075.05,24.75,32.00
2021-04-13 18:56:16.737764,1074.76,24.74,31.97
2021-04-13 18:57:17.746591,1071.09,24.71,31.97
2021-04-13 18:58:18.752902,1067.29,24.70,32.01
2021-04-13 18:59:19.761703,1066.53,24.68,31.98
2021-04-13 19:00:20.769653,1062.60,24.67,31.99
2021-04-13 19:01:21.776607,1059.58,24.64,31.92
2021-04-13 19:02:22.785184,1055.49,24.63,32.03
2021-04-13 19:03:23.792585,1054.38,24.61,32.00
2021-04-13 19:04:24.800252,1053.86,24.63,31.96
2021-04-13 19:05:25.807822,1054.38,24.61,32.02
2021-04-13 19:06:26.815399,1053.44,24.61,32.02
2021-04-13 19:07:27.824520,1053.19,24.56,32.01
2021-04-13 19:08:28.833180,1052.75,24.56,32.01
2021-04-13 19:09:29.840456,1048.75,24.57,32.06
2021-04-13 19:10:30.849247,1045.81,24.54,32.05
2021-04-13 19:11:31.857758,1043.35,24.53,32.02
2021-04-13 19:12:32.865756,1037.63,24.53,32.02
2021-04-13 19:13:33.874428,1036.32,24.51,32.04
2021-04-13 19:14:34.882601,1033.89,24.51,32.02
2021-04-13 19:15:35.890704,1031.87,24.50,32.07
2021-04-13 19:16:36.899830,1029.56,24.49,32.01
2021-04-13 19:17:37.907743,1030.62,24.47,32.00
2021-04-13 19:18:38.916887,1029.26,24.46,32.00
2021-04-13 19:19:39.923322,1029.89,24.47,31.97
2021-04-13 19:20:40.931833,1022.85,24.44,31.97
2021-04-13 19:21:41.940266,1018.29,24.42,32.03
2021-04-13 19:22:42.948216,1013.49,24.42,31.95
2021-04-13 19:23:43.956561,1007.86,24.40,31.89
2021-04-13 19:24:44.964560,1004.58,24.40,32.01
2021-04-13 19:25:45.973288,1004.44,24.39,32.01
2021-04-13 19:26:46.981370,1004.60,24.37,31.99
2021-04-13 19:27:47.989181,1008.27,24.39,32.08
2021-04-13 19:28:48.997535,1006.63,24.36,32.04
2021-04-13 19:29:50.004963,1006.34,24.36,31.99
2021-04-13 19:30:51.014303,996.55,24.35,31.98
2021-04-13 19:31:51.023643,993.41,24.35,32.02
2021-04-13 19:32:51.031353,989.83,24.35,32.02
2021-04-13 19:33:51.039611,987.74,24.35,31.96
2021-04-13 19:34:51.047831,986.33,24.33,31.95
2021-04-13 19:35:51.056045,987.14,24.36,31.95
2021-04-13 19:36:51.064289,980.57,24.37,31.92
2021-04-13 19:37:51.072539,976.62,24.33,31.98
2021-04-13 19:38:51.080755,973.56,24.33,31.92
2021-04-13 19:39:51.088356,974.31,24.33,31.95
2021-04-13 19:40:51.097174,968.44,24.35,31.87
2021-04-13 19:41:51.106393,961.80,24.30,31.88
2021-04-13 19:42:51.116067,955.55,24.32,31.93
2021-04-13 19:43:51.125777,949.99,24.32,31.87
2021-04-13 19:44:51.135411,948.65,24.32,31.87
2021-04-13 19:45:51.144016,946.23,24.32,31.84
2021-04-13 19:46:51.152571,942.46,24.30,31.84
2021-04-13 19:47:51.161513,940.61,24.30,31.83
2021-04-13 19:48:51.170578,938.10,24.29,31.82
2021-04-13 19:49:51.176511,932.27,24.27,31.82
2021-04-13 19:50:51.184484,931.36,24.29,31.79
2021-04-13 19:51:51.191970,927.96,24.29,31.87
2021-04-13 19:52:51.199339,933.02,24.27,31.76
2021-04-13 19:53:51.206726,932.91,24.27,31.82
2021-04-13 19:54:51.215116,928.25,24.24,31.78
2021-04-13 19:55:51.222931,925.63,24.27,31.82
2021-04-13 19:56:51.231846,923.85,24.24,31.79
2021-04-13 19:57:51.241174,921.65,24.23,31.79
2021-04-13 19:58:51.250531,923.26,24.21,31.82
2021-04-13 19:59:51.259871,919.51,24.23,31.80
2021-04-13 20:00:51.269153,921.75,24.23,31.83
2021-04-13 20:01:51.278491,922.39,24.21,31.79
2021-04-13 20:02:51.285796,917.93,24.21,31.76
2021-04-13 20:03:51.293531,913.38,24.21,31.74
2021-04-13 20:04:51.300809,907.19,24.21,31.76
2021-04-13 20:05:51.308089,905.48,24.21,31.73
2021-04-13 20:06:51.316380,902.25,24.19,31.77
2021-04-13 20:07:51.324740,898.11,24.19,31.76
2021-04-13 20:08:51.332961,900.77,24.19,31.70
2021-04-13 20:09:51.342294,898.27,24.17,31.74
2021-04-13 20:10:51.351538,892.69,24.15,31.75
2021-04-13 20:11:51.360906,892.46,24.16,31.70
2021-04-13 20:12:51.370118,889.79,24.16,31.66
2021-04-13 20:13:51.379341,889.29,24.13,31.69
2021-04-13 20:14:51.388690,888.32,24.12,31.77
2021-04-13 20:15:51.397935,888.46,24.12,31.77
2021-04-13 20:16:51.403489,885.89,24.12,31.72
2021-04-13 20:17:51.408079,883.15,24.13,31.75
2021-04-13 20:18:51.412943,882.37,24.12,31.72
2021-04-13 20:19:51.419031,878.35,24.13,31.75
2021-04-13 20:20:51.425313,875.23,24.12,31.73
2021-04-13 20:21:51.431794,873.79,24.09,31.70
2021-04-13 20:22:51.438433,875.41,24.08,31.76
2021-04-13 20:23:51.446195,872.61,24.09,31.70
2021-04-13 20:24:51.454063,873.06,24.08,31.79
2021-04-13 20:25:51.462087,872.69,24.06,31.81
2021-04-13 20:26:51.470183,875.47,24.06,31.76
2021-04-13 20:27:51.478472,875.89,24.06,31.79
2021-04-13 20:28:51.486719,872.62,24.08,31.70
2021-04-13 20:29:51.495145,863.95,24.06,31.70
2021-04-13 20:30:51.501940,857.57,24.03,31.74
2021-04-13 20:31:51.509383,852.72,24.05,31.79
2021-04-13 20:32:51.516921,850.04,24.02,31.74
2021-04-13 20:33:51.524509,851.86,24.02,31.76
2021-04-13 20:34:51.531691,855.69,24.02,31.80
2021-04-13 20:35:51.537766,857.15,23.99,31.78
2021-04-13 20:36:51.546414,857.42,24.00,31.81
2021-04-13 20:37:51.555128,857.50,24.00,31.77
2021-04-13 20:38:51.563810,851.69,23.99,31.80
2021-04-13 20:39:51.572591,849.67,23.98,31.80
2021-04-13 20:40:51.581369,843.64,23.99,31.80
2021-04-13 20:41:51.590130,838.85,23.96,31.74
2021-04-13 20:42:51.598521,835.26,23.98,31.78
2021-04-13 20:43:51.605376,833.70,23.96,31.76
2021-04-13 20:44:51.612189,833.04,23.93,31.82
2021-04-13 20:45:51.620045,833.72,23.95,31.85
2021-04-13 20:46:51.627878,833.45,23.98,31.78
2021-04-13 20:47:51.635735,831.02,23.95,31.79
2021-04-13 20:48:51.644621,827.18,23.95,31.79
2021-04-13 20:49:51.653450,823.66,23.93,31.79
2021-04-13 20:50:51.665029,823.67,23.93,31.75
2021-04-13 20:51:51.677791,816.73,23.92,31.75
2021-04-13 20:52:51.690141,814.99,23.93,31.81
2021-04-13 20:53:51.702155,816.46,23.91,31.82
2021-04-13 20:54:51.712380,817.05,23.92,31.81
2021-04-13 20:55:51.721970,813.08,23.89,31.79
2021-04-13 20:56:51.732245,812.79,23.91,31.82
2021-04-13 20:57:51.742377,810.12,23.91,31.83
2021-04-13 20:58:51.752383,807.49,23.92,31.82
2021-04-13 20:59:51.762167,805.91,23.89,31.85
2021-04-13 21:00:51.772852,807.76,23.88,31.76
2021-04-13 21:01:51.783420,810.55,23.87,31.76
2021-04-13 21:02:51.793922,805.40,23.91,31.81
2021-04-13 21:03:51.804201,802.99,23.88,31.83
2021-04-13 21:04:51.814525,807.30,23.87,31.85
2021-04-13 21:05:51.823293,804.00,23.85,31.82
2021-04-13 21:06:51.831395,802.06,23.87,31.82
2021-04-13 21:07:51.839456,800.41,23.88,31.82
2021-04-13 21:08:51.847517,801.85,23.85,31.80
2021-04-13 21:09:51.855483,800.04,23.87,31.80
2021-04-13 21:10:51.863367,797.97,23.85,31.78
2021-04-13 21:11:51.873264,799.07,23.84,31.84
2021-04-13 21:12:51.883173,793.41,23.82,31.86
2021-04-13 21:13:51.892991,793.83,23.81,31.86
2021-04-13 21:14:51.902776,789.21,23.84,31.83
2021-04-13 21:15:51.912540,785.26,23.82,31.78
2021-04-13 21:16:51.922312,783.07,23.82,31.86
2021-04-13 21:17:51.930035,783.69,23.79,31.87
2021-04-13 21:18:51.938214,786.82,23.79,31.84
2021-04-13 21:19:51.945936,780.28,23.81,31.84
2021-04-13 21:20:51.953610,783.60,23.79,31.80
2021-04-13 21:21:51.961281,781.47,23.81,31.83
2021-04-13 21:22:51.968940,785.20,23.78,31.85
2021-04-13 21:23:51.979235,783.45,23.78,31.87
2021-04-13 21:24:51.988865,784.41,23.78,31.85
2021-04-13 21:25:51.996193,783.53,23.79,31.81
2021-04-13 21:26:52.004036,781.49,23.79,31.82
2021-04-13 21:27:52.012157,776.06,23.77,31.81
2021-04-13 21:28:52.020214,775.09,23.78,31.85
2021-04-13 21:29:52.028939,774.94,23.77,31.84
2021-04-13 21:30:52.037237,776.07,23.78,31.84
2021-04-13 21:31:52.044175,775.15,23.79,31.87
2021-04-13 21:32:52.050051,772.60,23.77,31.81
2021-04-13 21:33:52.057488,771.23,23.75,31.78
2021-04-13 21:34:52.065050,767.48,23.75,31.81
2021-04-13 21:35:52.073499,763.06,23.74,31.81
2021-04-13 21:36:52.082587,764.99,23.74,31.83
2021-04-13 21:37:52.092300,771.27,23.75,31.91
2021-04-13 21:38:52.098932,773.70,23.72,31.89
2021-04-13 21:39:52.107017,773.89,23.74,31.91
2021-04-13 21:40:52.116823,770.50,23.74,31.86
2021-04-13 21:41:52.124019,765.85,23.71,31.79
2021-04-13 21:42:52.133255,764.99,23.72,31.76
2021-04-13 21:43:52.141510,759.12,23.69,31.77
2021-04-13 21:44:52.149814,758.40,23.72,31.88
2021-04-13 21:45:52.157473,757.29,23.69,31.81
2021-04-13 21:46:52.164789,753.91,23.74,31.81
2021-04-13 21:47:52.172063,757.22,23.69,31.85
2021-04-13 21:48:52.181003,755.55,23.69,31.87
2021-04-13 21:49:52.190285,754.04,23.69,31.86
2021-04-13 21:50:52.199614,755.91,23.71,31.79
2021-04-13 21:51:52.208930,750.42,23.66,31.81
2021-04-13 21:52:52.218280,746.35,23.68,31.78
2021-04-13 21:53:52.226059,744.70,23.68,31.78
2021-04-13 21:54:52.234421,742.85,23.65,31.86
2021-04-13 21:55:52.242734,741.47,23.66,31.86
2021-04-13 21:56:52.251113,740.03,23.65,31.88
2021-04-13 21:57:52.260061,738.09,23.66,31.83
2021-04-13 21:58:52.268852,737.83,23.64,31.80
2021-04-13 21:59:52.277551,736.25,23.65,31.87
2021-04-13 22:00:52.286237,735.86,23.68,31.83
2021-04-13 22:01:52.294983,733.98,23.64,31.86
2021-04-13 22:02:52.302762,733.04,23.65,31.86
2021-04-13 22:03:52.310209,730.79,23.62,31.84
2021-04-13 22:04:52.317109,730.72,23.62,31.88
2021-04-13 22:05:52.324087,730.18,23.62,31.86
2021-04-13 22:06:52.331025,729.49,23.60,31.85
2021-04-13 22:07:52.339471,728.90,23.60,31.86
2021-04-13 22:08:52.347544,727.13,23.62,31.84
2021-04-13 22:09:52.355655,725.95,23.60,31.85
2021-04-13 22:10:52.364318,727.93,23.61,31.85
2021-04-13 22:11:52.373431,726.76,23.60,31.86
2021-04-13 22:12:52.381613,726.85,23.58,31.94
2021-04-13 22:13:52.389695,729.23,23.58,31.86
2021-04-13 22:14:52.397872,727.74,23.55,31.97
2021-04-13 22:15:52.406066,723.07,23.60,31.93
2021-04-13 22:16:52.415252,722.64,23.58,31.92
2021-04-13 22:17:52.424468,726.50,23.58,31.86
2021-04-13 22:18:52.433661,721.60,23.58,31.91
2021-04-13 22:19:52.442923,720.56,23.58,31.89
2021-04-13 22:20:52.452155,717.54,23.57,31.89
2021-04-13 22:21:52.461392,716.69,23.55,31.98
2021-04-13 22:22:52.470690,715.05,23.55,31.92
2021-04-13 22:23:52.478273,720.44,23.55,31.95
2021-04-13 22:24:52.486627,723.77,23.54,31.92
2021-04-13 22:25:52.494841,721.68,23.57,31.99
2021-04-13 22:26:52.503050,719.83,23.54,31.91
2021-04-13 22:27:52.511356,716.81,23.55,31.95
2021-04-13 22:28:52.520602,718.52,23.54,31.88
2021-04-13 22:29:52.529453,716.85,23.52,31.89
2021-04-13 22:30:52.538162,711.94,23.54,31.92
2021-04-13 22:31:52.547394,706.49,23.54,31.92
2021-04-13 22:32:52.556720,709.61,23.52,31.93
2021-04-13 22:33:52.565737,709.65,23.51,31.96
2021-04-13 22:34:52.573235,712.63,23.51,31.99
2021-04-13 22:35:52.580147,709.63,23.51,31.89
2021-04-13 22:36:52.587151,706.96,23.51,31.95
2021-04-13 22:37:52.594165,705.97,23.52,31.87
2021-04-13 22:38:52.601226,701.96,23.51,31.98
2021-04-13 22:39:52.609294,698.77,23.51,31.93
2021-04-13 22:40:52.616790,701.95,23.48,32.02
2021-04-13 22:41:52.624836,700.57,23.48,31.97
2021-04-13 22:42:52.633580,698.47,23.48,31.94
2021-04-13 22:43:52.642639,698.94,23.50,31.98
2021-04-13 22:44:52.651818,697.82,23.45,31.92
2021-04-13 22:45:52.659989,699.58,23.47,31.96
2021-04-13 22:46:52.668130,697.07,23.47,31.97
2021-04-13 22:47:52.676253,696.81,23.47,31.94
2021-04-13 22:48:52.683520,696.55,23.47,31.96
2021-04-13 22:49:52.690613,693.32,23.47,31.96
2021-04-13 22:50:52.698212,691.61,23.47,31.92
2021-04-13 22:51:52.706986,693.27,23.45,31.97
2021-04-13 22:52:52.716153,693.73,23.47,31.94
2021-04-13 22:53:52.725376,694.73,23.44,31.94
2021-04-13 22:54:52.734582,693.41,23.45,32.00
2021-04-13 22:55:52.743770,691.64,23.42,31.91
2021-04-13 22:56:52.752972,686.21,23.47,31.97
2021-04-13 22:57:52.760601,688.60,23.44,32.03
2021-04-13 22:58:52.768779,690.87,23.44,32.00
2021-04-13 22:59:52.777059,687.65,23.42,31.98
2021-04-13 23:00:52.785193,686.13,23.42,32.03
2021-04-13 23:01:52.793455,681.83,23.44,32.00
2021-04-13 23:02:52.802661,680.27,23.44,31.96
2021-04-13 23:03:52.811861,678.88,23.41,32.01
2021-04-13 23:04:52.821099,679.86,23.40,31.98
2021-04-13 23:05:52.830349,680.01,23.40,32.01
2021-04-13 23:06:52.839535,677.70,23.41,31.98
2021-04-13 23:07:52.847488,675.69,23.40,31.99
2021-04-13 23:08:52.856451,677.57,23.44,31.93
2021-04-13 23:09:52.864772,675.21,23.42,32.04
2021-04-13 23:10:52.872929,678.32,23.41,32.01
2021-04-13 23:11:52.881049,680.97,23.40,32.03
2021-04-13 23:12:52.889039,679.96,23.42,31.95
2021-04-13 23:13:52.898007,675.93,23.40,31.99
2021-04-13 23:14:52.907931,676.62,23.41,32.04
2021-04-13 23:15:52.916200,676.18,23.38,32.04
2021-04-13 23:16:52.924493,675.36,23.38,32.07
2021-04-13 23:17:52.934249,673.26,23.38,31.98
2021-04-13 23:18:52.942907,668.92,23.36,32.01
2021-04-13 23:19:52.951547,666.93,23.38,32.01
2021-04-13 23:20:52.960212,668.08,23.36,32.04
2021-04-13 23:21:52.968765,668.24,23.36,32.04
2021-04-13 23:22:52.978843,666.94,23.37,32.03
2021-04-13 23:23:52.985969,667.56,23.37,32.01
2021-04-13 23:24:52.995426,664.64,23.36,32.02
2021-04-13 23:25:53.004956,666.40,23.34,32.05
2021-04-13 23:26:53.014463,666.08,23.36,32.07
2021-04-13 23:27:53.022333,665.54,23.34,32.03
2021-04-13 23:28:53.029819,665.33,23.34,32.10
2021-04-13 23:29:53.037285,666.65,23.34,32.05
2021-04-13 23:30:53.045694,668.50,23.33,32.06
2021-04-13 23:31:53.054187,667.54,23.33,32.03
2021-04-13 23:32:53.063156,665.57,23.33,31.99
2021-04-13 23:33:53.071583,660.42,23.31,32.08
2021-04-13 23:34:53.080452,662.44,23.33,32.02
2021-04-13 23:35:53.089509,659.95,23.34,32.05
2021-04-13 23:36:53.099300,658.77,23.31,32.08
2021-04-13 23:37:53.105704,661.63,23.30,32.06
2021-04-13 23:38:53.112101,659.88,23.29,32.06
2021-04-13 23:39:53.119510,659.64,23.33,32.06
2021-04-13 23:40:53.126875,658.35,23.30,31.97
2021-04-13 23:41:53.135794,655.86,23.30,32.02
2021-04-13 23:42:53.144347,653.84,23.30,32.03
2021-04-13 23:43:53.152865,654.76,23.27,32.00
2021-04-13 23:44:53.161479,655.82,23.27,32.04
2021-04-13 23:45:53.170178,656.35,23.29,32.06
2021-04-13 23:46:53.177535,654.86,23.27,32.07
2021-04-13 23:47:53.184345,651.72,23.24,32.04
2021-04-13 23:48:53.191203,652.83,23.27,32.04
2021-04-13 23:49:53.198180,653.51,23.26,32.13
2021-04-13 23:50:53.205047,650.68,23.27,32.07
2021-04-13 23:51:53.213387,652.65,23.26,32.04
2021-04-13 23:52:53.221044,654.86,23.26,32.07
2021-04-13 23:53:53.231142,654.02,23.26,32.10
2021-04-13 23:54:53.238177,649.48,23.24,32.06
2021-04-13 23:55:53.247222,647.73,23.23,32.10
2021-04-13 23:56:53.256364,645.62,23.23,32.14
2021-04-13 23:57:53.264462,644.36,23.24,32.11
2021-04-13 23:58:53.272623,641.14,23.24,32.13
2021-04-13 23:59:53.280793,637.66,23.23,32.10
2021-04-14 00:00:53.287349,635.75,23.24,32.06
2021-04-14 00:01:53.296125,634.81,23.21,32.10
2021-04-14 00:02:53.305322,634.91,23.23,32.09
2021-04-14 00:03:53.314495,631.68,23.21,32.07
2021-04-14 00:04:53.323708,631.99,23.21,32.10
2021-04-14 00:05:53.332920,634.16,23.23,32.09
2021-04-14 00:06:53.340522,632.27,23.21,32.11
2021-04-14 00:07:53.347808,635.23,23.21,32.11
2021-04-14 00:08:53.355579,635.77,23.21,32.04
2021-04-14 00:09:53.363188,634.84,23.19,32.07
2021-04-14 00:10:53.371409,636.01,23.20,32.13
2021-04-14 00:11:53.380706,638.28,23.20,32.07
2021-04-14 00:12:53.389471,640.61,23.19,32.07
2021-04-14 00:13:53.398148,639.62,23.19,32.05
2021-04-14 00:14:53.407395,639.06,23.20,32.11
2021-04-14 00:15:53.415059,641.21,23.19,32.10
2021-04-14 00:16:53.421286,638.39,23.16,32.05
2021-04-14 00:17:53.428123,639.46,23.17,32.11
2021-04-14 00:18:53.434967,638.83,23.16,32.11
2021-04-14 00:19:53.442472,637.46,23.16,32.09
2021-04-14 00:20:53.450876,638.31,23.19,32.11
2021-04-14 00:21:53.459815,634.71,23.17,32.09
2021-04-14 00:22:53.468825,635.89,23.17,32.09
2021-04-14 00:23:53.477856,636.33,23.16,32.08
2021-04-14 00:24:53.486914,635.43,23.16,32.12
2021-04-14 00:25:53.494570,637.86,23.16,32.08
2021-04-14 00:26:53.501629,638.37,23.16,32.09
2021-04-14 00:27:53.508770,636.39,23.17,32.11
2021-04-14 00:28:53.515824,632.00,23.16,32.06
2021-04-14 00:29:53.523382,629.78,23.13,32.08
2021-04-14 00:30:53.532091,628.85,23.14,32.09
2021-04-14 00:31:53.540636,630.86,23.11,32.14
2021-04-14 00:32:53.548794,631.27,23.13,32.09
2021-04-14 00:33:53.557531,629.75,23.14,32.08
2021-04-14 00:34:53.565730,628.06,23.13,32.10
2021-04-14 00:35:53.573839,624.09,23.13,32.10
2021-04-14 00:36:53.582001,619.78,23.14,32.06
2021-04-14 00:37:53.590144,618.21,23.11,32.09
2021-04-14 00:38:53.599367,615.49,23.13,32.08
2021-04-14 00:39:53.608540,613.59,23.11,32.04
2021-04-14 00:40:53.617707,613.73,23.11,32.08
2021-04-14 00:41:53.626868,614.37,23.13,32.08
2021-04-14 00:42:53.636125,617.24,23.10,32.12
2021-04-14 00:43:53.643680,620.39,23.11,32.12
2021-04-14 00:44:53.650862,624.28,23.11,32.10
2021-04-14 00:45:53.657626,622.31,23.10,32.09
2021-04-14 00:46:53.665241,620.80,23.11,32.10
2021-04-14 00:47:53.674021,619.90,23.09,32.09
2021-04-14 00:48:53.683220,619.63,23.13,32.08
2021-04-14 00:49:53.692708,619.11,23.11,32.01
2021-04-14 00:50:53.703258,618.82,23.10,32.08
2021-04-14 00:51:53.712149,618.84,23.11,32.04
2021-04-14 00:52:53.721528,614.29,23.09,32.04
2021-04-14 00:53:53.730770,611.70,23.10,32.06
2021-04-14 00:54:53.739922,612.56,23.09,32.07
2021-04-14 00:55:53.749036,609.83,23.06,32.07
2021-04-14 00:56:53.759031,609.26,23.06,32.08
2021-04-14 00:57:53.768967,610.51,23.06,32.13
2021-04-14 00:58:53.778900,614.63,23.07,32.07
2021-04-14 00:59:53.788713,614.99,23.07,32.07
2021-04-14 01:00:53.797155,613.93,23.06,32.08
2021-04-14 01:01:53.805274,615.34,23.07,32.07
2021-04-14 01:02:53.812002,617.31,23.04,32.04
2021-04-14 01:03:53.819677,613.84,23.07,32.07
2021-04-14 01:04:53.827314,611.62,23.06,32.11
2021-04-14 01:05:53.836965,609.36,23.06,32.11
2021-04-14 01:06:53.846559,609.86,23.04,32.07
2021-04-14 01:07:53.856194,609.30,23.03,32.05
2021-04-14 01:08:53.865752,610.49,23.04,32.04
2021-04-14 01:09:53.875311,612.92,23.03,32.07
2021-04-14 01:10:53.883434,611.55,23.02,32.08
2021-04-14 01:11:53.892478,609.75,23.02,32.14
2021-04-14 01:12:53.898522,605.92,23.00,32.08
2021-04-14 01:13:53.906017,608.22,23.04,32.07
2021-04-14 01:14:53.914512,609.44,23.04,32.07
2021-04-14 01:15:53.924021,607.51,23.02,32.08
2021-04-14 01:16:53.930964,604.54,23.02,32.05
2021-04-14 01:17:53.940014,605.52,23.00,32.14
2021-04-14 01:18:53.949471,607.86,23.02,32.08
2021-04-14 01:19:53.959012,604.58,23.00,32.07
2021-04-14 01:20:53.967458,602.67,22.99,32.06
2021-04-14 01:21:53.975916,601.24,22.99,32.06
2021-04-14 01:22:53.984386,599.21,22.99,32.03
2021-04-14 01:23:53.992751,598.79,22.97,32.08
2021-04-14 01:24:53.999525,598.27,22.99,32.08
2021-04-14 01:25:54.012943,597.45,22.99,32.08
2021-04-14 01:26:54.020610,597.94,22.99,32.06
2021-04-14 01:27:54.028849,598.51,22.97,32.05
2021-04-14 01:28:54.037201,602.50,22.99,32.06
2021-04-14 01:29:54.045658,605.03,22.97,32.14
2021-04-14 01:30:54.054197,604.05,22.97,32.08
2021-04-14 01:31:54.061198,598.26,22.97,32.05
2021-04-14 01:32:54.067898,597.98,22.97,32.08
2021-04-14 01:33:54.074641,596.66,22.93,32.03
2021-04-14 01:34:54.081418,600.74,22.94,32.04
2021-04-14 01:35:54.088256,600.62,22.94,31.99
2021-04-14 01:36:54.096758,600.84,22.96,32.02
2021-04-14 01:37:54.105694,599.75,22.96,32.03
2021-04-14 01:38:54.114676,601.69,22.97,32.02
2021-04-14 01:39:54.123650,602.93,22.94,32.06
2021-04-14 01:40:54.132686,602.55,22.96,32.08
2021-04-14 01:41:54.141133,599.93,22.93,32.04
2021-04-14 01:42:54.149218,597.01,22.97,32.05
2021-04-14 01:43:54.157311,594.92,22.92,32.06
2021-04-14 01:44:54.165401,595.06,22.90,32.03
2021-04-14 01:45:54.173546,595.14,22.92,32.01
2021-04-14 01:46:54.181693,600.16,22.92,32.00
2021-04-14 01:47:54.190894,598.65,22.90,32.04
2021-04-14 01:48:54.199577,595.61,22.92,31.97
2021-04-14 01:49:54.208155,592.17,22.90,32.03
2021-04-14 01:50:54.217359,592.14,22.90,32.04
2021-04-14 01:51:54.226545,592.64,22.92,31.95
2021-04-14 01:52:54.234817,589.19,22.90,31.99
2021-04-14 01:53:54.240891,587.95,22.92,32.00
2021-04-14 01:54:54.249132,591.35,22.87,31.99
2021-04-14 01:55:54.256290,587.52,22.89,31.99
2021-04-14 01:56:54.263617,589.91,22.90,31.97
2021-04-14 01:57:54.272726,590.13,22.92,31.98
2021-04-14 01:58:54.281834,590.96,22.90,32.01
2021-04-14 01:59:54.290913,593.06,22.89,31.95
2021-04-14 02:00:54.299950,591.42,22.87,32.01
2021-04-14 02:01:54.309025,588.45,22.87,32.01
2021-04-14 02:02:54.318158,586.88,22.89,31.92
2021-04-14 02:03:54.325839,588.75,22.90,31.99
2021-04-14 02:04:54.332997,588.27,22.89,31.99
2021-04-14 02:05:54.340133,588.55,22.87,32.02
2021-04-14 02:06:54.347630,587.09,22.85,31.90
2021-04-14 02:07:54.354446,586.41,22.87,31.99
2021-04-14 02:08:54.361617,585.02,22.86,31.98
2021-04-14 02:09:54.370190,582.58,22.85,31.98
2021-04-14 02:10:54.379504,581.52,22.87,31.98
2021-04-14 02:11:54.386563,579.85,22.86,31.99
2021-04-14 02:12:54.396282,579.28,22.82,31.97
2021-04-14 02:13:54.403021,579.41,22.83,32.00
2021-04-14 02:14:54.411203,582.14,22.82,32.00
2021-04-14 02:15:54.418921,584.01,22.86,31.96
2021-04-14 02:16:54.427105,585.42,22.86,31.99
2021-04-14 02:17:54.435286,583.44,22.83,32.00
2021-04-14 02:18:54.443554,583.17,22.85,31.96
2021-04-14 02:19:54.452734,580.52,22.83,31.96
2021-04-14 02:20:54.461946,581.21,22.82,31.93
2021-04-14 02:21:54.471165,580.53,22.83,31.98
2021-04-14 02:22:54.480392,580.77,22.85,31.95
2021-04-14 02:23:54.489551,580.70,22.83,31.96
2021-04-14 02:24:54.498776,579.32,22.83,31.96
2021-04-14 02:25:54.506984,579.12,22.83,31.93
2021-04-14 02:26:54.514221,579.50,22.80,31.94
2021-04-14 02:27:54.521443,579.36,22.83,31.92
2021-04-14 02:28:54.529074,582.00,22.82,31.94
2021-04-14 02:29:54.536343,582.46,22.82,31.92
2021-04-14 02:30:54.546064,582.49,22.80,31.92
2021-04-14 02:31:54.555297,583.98,22.78,31.88
2021-04-14 02:32:54.564593,584.64,22.83,31.93
2021-04-14 02:33:54.573869,583.09,22.79,31.96
2021-04-14 02:34:54.583138,582.53,22.78,31.92
2021-04-14 02:35:54.592421,582.25,22.78,31.96
2021-04-14 02:36:54.600088,579.34,22.80,31.90
2021-04-14 02:37:54.608368,579.12,22.80,31.88
2021-04-14 02:38:54.616639,577.97,22.79,31.91
2021-04-14 02:39:54.624871,576.51,22.79,31.96
2021-04-14 02:40:54.633114,575.15,22.80,31.93
2021-04-14 02:41:54.641386,575.96,22.76,31.91
2021-04-14 02:42:54.651200,572.97,22.78,31.92
2021-04-14 02:43:54.659918,573.44,22.76,31.97
2021-04-14 02:44:54.669108,573.50,22.76,31.98
2021-04-14 02:45:54.677944,575.43,22.75,31.95
2021-04-14 02:46:54.686601,574.80,22.76,31.85
2021-04-14 02:47:54.695476,576.58,22.76,31.90
2021-04-14 02:48:54.703084,580.19,22.78,31.92
2021-04-14 02:49:54.711288,579.31,22.76,31.98
2021-04-14 02:50:54.719548,578.77,22.76,31.94
2021-04-14 02:51:54.727352,575.25,22.75,31.92
2021-04-14 02:52:54.734574,572.36,22.75,31.92
2021-04-14 02:53:54.741821,573.41,22.76,31.97
2021-04-14 02:54:54.750488,572.40,22.73,31.92
2021-04-14 02:55:54.759721,573.28,22.75,31.92
2021-04-14 02:56:54.768996,571.86,22.76,31.91
2021-04-14 02:57:54.778173,571.22,22.75,31.85
2021-04-14 02:58:54.787418,569.42,22.73,31.92
2021-04-14 02:59:54.796699,568.83,22.75,31.92
2021-04-14 03:00:54.804470,569.56,22.75,31.91
2021-04-14 03:01:54.812653,568.37,22.71,31.85
2021-04-14 03:02:54.818349,566.87,22.72,31.86
2021-04-14 03:03:54.826149,569.98,22.72,31.86
2021-04-14 03:04:54.833385,570.12,22.72,31.91
2021-04-14 03:05:54.840618,569.08,22.72,31.88
2021-04-14 03:06:54.849352,570.52,22.72,31.83
2021-04-14 03:07:54.858686,566.60,22.69,31.93
2021-04-14 03:08:54.867996,566.29,22.71,31.92
2021-04-14 03:09:54.877350,566.26,22.71,31.92
2021-04-14 03:10:54.886683,567.15,22.72,31.86
2021-04-14 03:11:54.895998,564.76,22.69,31.85
2021-04-14 03:12:54.903857,565.26,22.72,31.86
2021-04-14 03:13:54.911215,567.40,22.72,31.86
2021-04-14 03:14:54.918502,568.09,22.71,31.86
2021-04-14 03:15:54.925774,568.80,22.69,31.92
2021-04-14 03:16:54.933059,569.48,22.69,31.81
2021-04-14 03:17:54.940765,571.83,22.68,31.89
2021-04-14 03:18:54.949128,568.43,22.68,31.83
2021-04-14 03:19:54.959330,566.21,22.66,31.89
2021-04-14 03:20:54.965586,564.96,22.66,31.87
2021-04-14 03:21:54.973814,566.27,22.69,31.85
2021-04-14 03:22:54.981692,562.29,22.68,31.84
2021-04-14 03:23:54.989998,561.40,22.69,31.78
2021-04-14 03:24:54.998224,563.33,22.68,31.83
2021-04-14 03:25:55.006479,566.68,22.68,31.84
2021-04-14 03:26:55.014730,565.57,22.66,31.89
2021-04-14 03:27:55.023451,563.46,22.63,31.83
2021-04-14 03:28:55.032748,564.13,22.66,31.83
2021-04-14 03:29:55.040590,560.06,22.65,31.78
2021-04-14 03:30:55.049782,563.41,22.65,31.87
2021-04-14 03:31:55.058978,560.64,22.65,31.83
2021-04-14 03:32:55.067291,561.39,22.65,31.80
2021-04-14 03:33:55.075519,561.65,22.65,31.83
2021-04-14 03:34:55.083772,564.44,22.65,31.84
2021-04-14 03:35:55.092040,562.30,22.65,31.84
2021-04-14 03:36:55.101292,563.69,22.65,31.78
2021-04-14 03:37:55.110552,561.15,22.63,31.81
2021-04-14 03:38:55.119827,563.61,22.63,31.84
2021-04-14 03:39:55.129068,563.09,22.63,31.81
2021-04-14 03:40:55.138368,566.57,22.63,31.79
2021-04-14 03:41:55.146682,564.04,22.62,31.78
2021-04-14 03:42:55.154432,567.93,22.61,31.82
2021-04-14 03:43:55.162700,569.86,22.61,31.90
2021-04-14 03:44:55.168645,567.97,22.61,31.84
2021-04-14 03:45:55.177441,565.54,22.61,31.82
2021-04-14 03:46:55.186245,565.85,22.61,31.76
2021-04-14 03:47:55.195571,566.93,22.62,31.75
2021-04-14 03:48:55.204853,566.83,22.61,31.78
2021-04-14 03:49:55.214148,566.89,22.59,31.77
2021-04-14 03:50:55.223405,566.51,22.61,31.76
2021-04-14 03:51:55.231151,564.81,22.61,31.78
2021-04-14 03:52:55.238414,563.68,22.62,31.75
2021-04-14 03:53:55.245657,565.82,22.61,31.75
2021-04-14 03:54:55.252973,561.36,22.61,31.75
2021-04-14 03:55:55.261804,558.90,22.62,31.79
2021-04-14 03:56:55.271088,560.49,22.58,31.77
2021-04-14 03:57:55.280340,557.66,22.59,31.77
2021-04-14 03:58:55.289587,558.99,22.58,31.73
2021-04-14 03:59:55.298876,558.57,22.59,31.77
2021-04-14 04:00:55.306556,557.47,22.61,31.76
2021-04-14 04:01:55.314921,556.74,22.59,31.77
2021-04-14 04:02:55.323071,559.34,22.58,31.75
2021-04-14 04:03:55.331330,561.97,22.55,31.70
2021-04-14 04:04:55.339646,560.00,22.58,31.72
2021-04-14 04:05:55.349459,563.30,22.58,31.70
2021-04-14 04:06:55.358729,564.92,22.56,31.69
2021-04-14 04:07:55.367981,566.66,22.58,31.69
2021-04-14 04:08:55.377242,567.46,22.56,31.76
2021-04-14 04:09:55.386513,565.88,22.56,31.75
2021-04-14 04:10:55.394181,564.10,22.54,31.70
2021-04-14 04:11:55.402475,560.21,22.58,31.66
2021-04-14 04:12:55.410767,558.73,22.58,31.69
2021-04-14 04:13:55.418969,560.65,22.58,31.70
2021-04-14 04:14:55.427284,557.27,22.56,31.69
2021-04-14 04:15:55.436653,559.26,22.54,31.71
2021-04-14 04:16:55.445583,558.52,22.55,31.70
2021-04-14 04:17:55.454880,560.28,22.54,31.68
2021-04-14 04:18:55.463250,561.84,22.55,31.63
2021-04-14 04:19:55.472886,559.10,22.52,31.72
2021-04-14 04:20:55.479886,555.52,22.54,31.71
2021-04-14 04:21:55.487634,553.91,22.52,31.64
2021-04-14 04:22:55.495942,555.93,22.54,31.68
2021-04-14 04:23:55.504228,557.33,22.54,31.68
2021-04-14 04:24:55.512597,560.85,22.55,31.74
2021-04-14 04:25:55.520794,561.48,22.52,31.70
2021-04-14 04:26:55.529697,561.76,22.52,31.71
2021-04-14 04:27:55.539042,558.44,22.54,31.67
2021-04-14 04:28:55.546308,557.32,22.50,31.68
2021-04-14 04:29:55.555067,555.80,22.51,31.64
2021-04-14 04:30:55.564309,559.55,22.48,31.63
2021-04-14 04:31:55.573570,558.60,22.51,31.59
2021-04-14 04:32:55.581862,557.09,22.51,31.61
2021-04-14 04:33:55.589713,549.48,22.51,31.64
2021-04-14 04:34:55.597052,548.35,22.51,31.58
2021-04-14 04:35:55.603725,549.85,22.51,31.62
2021-04-14 04:36:55.611576,546.73,22.46,31.60
2021-04-14 04:37:55.618298,548.82,22.48,31.66
2021-04-14 04:38:55.627517,546.77,22.48,31.55
2021-04-14 04:39:55.636825,548.42,22.50,31.58
2021-04-14 04:40:55.646108,548.31,22.48,31.62
2021-04-14 04:41:55.655364,546.32,22.50,31.58
2021-04-14 04:42:55.664671,542.91,22.48,31.62
2021-04-14 04:43:55.672509,546.07,22.48,31.60
2021-04-14 04:44:55.680705,546.64,22.48,31.62
2021-04-14 04:45:55.687042,543.91,22.46,31.63
2021-04-14 04:46:55.693759,544.55,22.46,31.59
2021-04-14 04:47:55.702994,546.35,22.48,31.60
2021-04-14 04:48:55.712294,547.27,22.50,31.61
2021-04-14 04:49:55.721606,549.24,22.46,31.54
2021-04-14 04:50:55.730948,549.06,22.50,31.53
2021-04-14 04:51:55.740284,549.69,22.46,31.54
2021-04-14 04:52:55.748559,549.84,22.45,31.60
2021-04-14 04:53:55.755482,549.60,22.46,31.63
2021-04-14 04:54:55.762811,552.34,22.46,31.54
2021-04-14 04:55:55.770100,551.84,22.45,31.56
2021-04-14 04:56:55.778809,551.46,22.48,31.55
2021-04-14 04:57:55.788101,551.21,22.45,31.51
2021-04-14 04:58:55.797382,550.76,22.46,31.54
2021-04-14 04:59:55.806683,553.97,22.46,31.50
2021-04-14 05:00:55.815966,553.87,22.45,31.51
2021-04-14 05:01:55.823850,554.12,22.43,31.48
2021-04-14 05:02:55.831124,553.34,22.43,31.50
2021-04-14 05:03:55.838440,553.74,22.43,31.53
2021-04-14 05:04:55.845696,551.44,22.45,31.51
2021-04-14 05:05:55.854386,553.09,22.42,31.49
2021-04-14 05:06:55.863690,553.79,22.41,31.49
2021-04-14 05:07:55.873028,554.87,22.46,31.54
2021-04-14 05:08:55.882260,551.78,22.43,31.45
2021-04-14 05:09:55.891554,549.35,22.45,31.50
2021-04-14 05:10:55.899383,549.40,22.41,31.47
2021-04-14 05:11:55.906695,548.35,22.41,31.48
2021-04-14 05:12:55.913961,546.18,22.42,31.51
2021-04-14 05:13:55.921233,547.08,22.41,31.39
2021-04-14 05:14:55.930007,548.88,22.42,31.48
2021-04-14 05:15:55.939313,548.22,22.43,31.45
2021-04-14 05:16:55.948508,550.37,22.42,31.48
2021-04-14 05:17:55.957396,551.03,22.41,31.42
2021-04-14 05:18:55.965657,551.26,22.42,31.44
2021-04-14 05:19:55.972962,552.51,22.39,31.48
2021-04-14 05:20:55.980223,551.97,22.41,31.49
2021-04-14 05:21:55.987496,547.37,22.41,31.42
2021-04-14 05:22:55.994873,543.46,22.39,31.48
2021-04-14 05:23:56.002064,544.61,22.39,31.42
2021-04-14 05:24:56.009747,543.02,22.39,31.46
2021-04-14 05:25:56.018055,541.51,22.39,31.43
2021-04-14 05:26:56.026308,543.29,22.38,31.43
2021-04-14 05:27:56.035175,549.57,22.38,31.43
2021-04-14 05:28:56.042852,547.05,22.38,31.40
2021-04-14 05:29:56.050713,545.65,22.36,31.42
2021-04-14 05:30:56.059018,543.53,22.38,31.37
2021-04-14 05:31:56.066251,541.58,22.38,31.37
2021-04-14 05:32:56.073505,540.24,22.41,31.42
2021-04-14 05:33:56.080797,542.33,22.41,31.35
2021-04-14 05:34:56.089076,547.14,22.39,31.38
2021-04-14 05:35:56.099429,546.80,22.39,31.39
2021-04-14 05:36:56.106036,546.79,22.38,31.42
2021-04-14 05:37:56.114342,548.36,22.36,31.36
2021-04-14 05:38:56.122206,546.92,22.36,31.42
2021-04-14 05:39:56.130487,550.75,22.36,31.34
2021-04-14 05:40:56.138748,550.76,22.36,31.40
2021-04-14 05:41:56.147026,547.65,22.36,31.40
2021-04-14 05:42:56.155764,545.98,22.34,31.37
2021-04-14 05:43:56.164008,547.51,22.36,31.37
2021-04-14 05:44:56.172850,548.05,22.34,31.35
2021-04-14 05:45:56.181543,544.92,22.34,31.33
2021-04-14 05:46:56.190419,542.19,22.34,31.33
2021-04-14 05:47:56.200604,544.18,22.34,31.34
2021-04-14 05:48:56.206965,544.95,22.34,31.33
2021-04-14 05:49:56.215241,543.81,22.34,31.28
2021-04-14 05:50:56.223497,545.23,22.35,31.31
2021-04-14 05:51:56.231817,544.16,22.34,31.34
2021-04-14 05:52:56.241057,544.97,22.32,31.29
2021-04-14 05:53:56.250374,539.20,22.34,31.28
2021-04-14 05:54:56.259135,538.29,22.35,31.30
2021-04-14 05:55:56.267315,539.45,22.34,31.39
2021-04-14 05:56:56.275603,539.49,22.32,31.25
2021-04-14 05:57:56.283449,544.07,22.31,31.28
2021-04-14 05:58:56.291703,543.80,22.32,31.29
2021-04-14 05:59:56.299911,543.79,22.32,31.27
2021-04-14 06:00:56.308182,541.06,22.32,31.31
2021-04-14 06:01:56.317466,543.31,22.31,31.23
2021-04-14 06:02:56.326717,543.86,22.31,31.29
2021-04-14 06:03:56.335363,542.16,22.32,31.27
2021-04-14 06:04:56.344219,541.19,22.31,31.22
2021-04-14 06:05:56.352554,541.61,22.31,31.27
2021-04-14 06:06:56.360776,540.23,22.31,31.25
2021-04-14 06:07:56.369044,540.08,22.31,31.28
2021-04-14 06:08:56.377299,540.93,22.28,31.23
2021-04-14 06:09:56.385546,539.03,22.31,31.25
2021-04-14 06:10:56.394849,537.60,22.28,31.28
2021-04-14 06:11:56.403551,537.06,22.28,31.26
2021-04-14 06:12:56.413773,536.61,22.27,31.26
2021-04-14 06:13:56.420629,534.24,22.28,31.23
2021-04-14 06:14:56.428913,535.63,22.27,31.22
2021-04-14 06:15:56.437247,536.46,22.27,31.22
2021-04-14 06:16:56.445489,533.79,22.28,31.23
2021-04-14 06:17:56.453747,531.79,22.28,31.28
2021-04-14 06:18:56.462007,534.85,22.29,31.18
2021-04-14 06:19:56.471310,533.39,22.28,31.23
2021-04-14 06:20:56.480539,533.99,22.28,31.25
2021-04-14 06:21:56.489229,536.61,22.24,31.20
2021-04-14 06:22:56.497509,534.43,22.25,31.17
2021-04-14 06:23:56.505379,535.79,22.25,31.17
2021-04-14 06:24:56.513630,534.46,22.25,31.16
2021-04-14 06:25:56.521917,537.86,22.27,31.13
2021-04-14 06:26:56.530165,538.34,22.27,31.16
2021-04-14 06:27:56.539474,539.27,22.24,31.12
2021-04-14 06:28:56.548748,538.42,22.25,31.14
2021-04-14 06:29:56.558041,538.07,22.24,31.17
2021-04-14 06:30:56.566698,535.39,22.25,31.10
2021-04-14 06:31:56.575545,536.06,22.24,31.16
2021-04-14 06:32:56.583835,536.77,22.25,31.11
2021-04-14 06:33:56.592098,537.61,22.22,31.09
2021-04-14 06:34:56.600378,538.89,22.25,31.16
2021-04-14 06:35:56.608637,538.03,22.25,31.13
2021-04-14 06:36:56.622394,533.12,22.25,31.07
2021-04-14 06:37:56.630706,533.33,22.25,31.07
2021-04-14 06:38:56.639490,533.14,22.25,31.13
2021-04-14 06:39:56.648174,530.41,22.25,31.10
2021-04-14 06:40:56.656442,530.78,22.22,31.09
2021-04-14 06:41:56.665318,531.78,22.22,31.08
2021-04-14 06:42:56.673591,530.18,22.22,31.02
2021-04-14 06:43:56.681860,530.58,22.21,31.07
2021-04-14 06:44:56.690211,533.84,22.22,31.02
2021-04-14 06:45:56.698405,531.76,22.21,31.03
2021-04-14 06:46:56.706671,529.74,22.22,31.04
2021-04-14 06:47:56.716321,531.62,22.21,31.09
2021-04-14 06:48:56.723655,531.08,22.21,31.03
2021-04-14 06:49:56.732523,531.57,22.22,31.05
2021-04-14 06:50:56.741801,531.13,22.20,31.03
2021-04-14 06:51:56.750031,531.88,22.21,31.05
2021-04-14 06:52:56.758388,528.07,22.18,31.02
2021-04-14 06:53:56.766607,528.06,22.21,31.02
2021-04-14 06:54:56.774872,526.23,22.20,31.03
2021-04-14 06:55:56.783558,528.02,22.21,31.05
2021-04-14 06:56:56.793505,530.02,22.21,31.05
2021-04-14 06:57:56.800721,528.50,22.20,31.01
2021-04-14 06:58:56.809969,530.51,22.18,30.99
2021-04-14 06:59:56.818242,531.48,22.20,31.03
2021-04-14 07:00:56.826526,530.45,22.18,31.02
2021-04-14 07:01:56.834830,529.14,22.20,31.01
2021-04-14 07:02:56.843133,525.38,22.18,30.93
2021-04-14 07:03:56.851362,528.11,22.18,30.97
2021-04-14 07:04:56.860069,530.85,22.21,30.98
2021-04-14 07:05:56.868290,530.98,22.18,30.96
2021-04-14 07:06:56.876529,530.35,22.17,30.93
2021-04-14 07:07:56.884759,533.94,22.17,30.99
2021-04-14 07:08:56.892161,535.22,22.17,30.99
2021-04-14 07:09:56.900051,539.45,22.18,31.02
2021-04-14 07:10:56.907945,539.55,22.20,30.95
2021-04-14 07:11:56.915853,538.51,22.17,30.99
2021-04-14 07:12:56.924820,536.23,22.17,30.93
2021-04-14 07:13:56.933299,533.46,22.17,30.91
2021-04-14 07:14:56.941267,535.59,22.17,30.96
2021-04-14 07:15:56.949311,534.40,22.18,30.93
2021-04-14 07:16:56.956918,533.58,22.15,30.90
2021-04-14 07:17:56.965009,534.75,22.17,30.91
2021-04-14 07:18:56.973097,531.08,22.14,30.90
2021-04-14 07:19:56.981188,533.11,22.15,30.97
2021-04-14 07:20:56.990302,534.03,22.17,30.93
2021-04-14 07:21:57.000422,534.75,22.15,30.88
2021-04-14 07:22:57.006978,538.55,22.15,30.93
2021-04-14 07:23:57.015108,537.81,22.14,30.90
2021-04-14 07:24:57.023251,538.88,22.17,30.91
2021-04-14 07:25:57.030940,536.29,22.14,30.85
2021-04-14 07:26:57.039171,536.23,22.17,30.94
2021-04-14 07:27:57.047260,538.34,22.14,30.91
2021-04-14 07:28:57.054454,533.78,22.15,30.90
2021-04-14 07:29:57.062606,533.69,22.15,30.87
2021-04-14 07:30:57.071182,535.52,22.15,30.87
2021-04-14 07:31:57.080354,537.60,22.15,30.90
2021-04-14 07:32:57.088505,537.77,22.15,30.91
2021-04-14 07:33:57.097681,536.69,22.13,30.91
2021-04-14 07:34:57.104895,531.16,22.14,30.85
2021-04-14 07:35:57.112650,530.60,22.13,30.89
2021-04-14 07:36:57.119835,528.88,22.15,30.91
2021-04-14 07:37:57.127022,528.42,22.17,30.84
2021-04-14 07:38:57.134180,528.92,22.14,30.90
2021-04-14 07:39:57.141391,527.21,22.14,30.94
2021-04-14 07:40:57.149602,527.36,22.11,30.89
2021-04-14 07:41:57.158174,525.61,22.11,30.88
2021-04-14 07:42:57.166379,527.76,22.10,30.89
2021-04-14 07:43:57.175162,526.98,22.10,30.86
2021-04-14 07:44:57.183337,530.51,22.10,30.86
2021-04-14 07:45:57.190939,530.03,22.11,30.97
2021-04-14 07:46:57.198778,529.59,22.14,30.88
2021-04-14 07:47:57.205913,531.17,22.13,30.87
2021-04-14 07:48:57.213099,528.07,22.13,30.83
2021-04-14 07:49:57.220300,529.77,22.13,30.83
2021-04-14 07:50:57.227499,527.58,22.13,30.91
2021-04-14 07:51:57.236083,523.89,22.13,30.82
2021-04-14 07:52:57.245361,523.74,22.11,30.88
2021-04-14 07:53:57.254493,527.56,22.13,30.88
2021-04-14 07:54:57.263690,525.80,22.11,30.82
2021-04-14 07:55:57.272863,525.39,22.10,30.86
2021-04-14 07:56:57.282109,524.62,22.13,30.85
2021-04-14 07:57:57.289839,524.66,22.10,30.85
2021-04-14 07:58:57.297057,525.63,22.11,30.88
2021-04-14 07:59:57.304235,529.98,22.13,30.87
2021-04-14 08:00:57.311428,532.33,22.13,30.85
2021-04-14 08:01:57.318605,530.78,22.10,30.88
2021-04-14 08:02:57.327241,528.52,22.13,30.87
2021-04-14 08:03:57.336448,525.82,22.11,30.79
2021-04-14 08:04:57.345667,528.06,22.08,30.88
2021-04-14 08:05:57.354806,526.14,22.11,30.81
2021-04-14 08:06:57.364062,525.38,22.11,30.82
2021-04-14 08:07:57.373207,525.40,22.10,30.85
2021-04-14 08:08:57.382418,523.85,22.08,30.85
2021-04-14 08:09:57.390211,525.06,22.08,30.86
2021-04-14 08:10:57.397390,524.66,22.08,30.91
2021-04-14 08:11:57.404577,528.11,22.08,30.89
2021-04-14 08:12:57.411772,527.63,22.08,30.85
2021-04-14 08:13:57.418956,527.07,22.08,30.91
2021-04-14 08:14:57.426768,529.33,22.08,30.89
2021-04-14 08:15:57.435989,528.39,22.08,30.88
2021-04-14 08:16:57.445709,524.38,22.05,30.92
2021-04-14 08:17:57.455455,527.84,22.07,30.91
2021-04-14 08:18:57.465069,525.29,22.04,30.87
2021-04-14 08:19:57.474691,524.85,22.04,30.87
2021-04-14 08:20:57.484237,525.47,22.07,30.87
2021-04-14 08:21:57.491794,523.56,22.07,30.89
2021-04-14 08:22:57.499308,525.58,22.07,30.85
2021-04-14 08:23:57.508356,523.19,22.05,30.90
2021-04-14 08:24:57.514266,525.02,22.07,30.92
2021-04-14 08:25:57.521784,523.65,22.05,30.84
2021-04-14 08:26:57.529702,520.33,22.03,30.87
2021-04-14 08:27:57.538552,520.13,22.07,30.85
2021-04-14 08:28:57.547947,520.54,22.03,30.94
2021-04-14 08:29:57.557354,523.87,22.05,30.96
2021-04-14 08:30:57.566736,527.42,22.07,30.96
2021-04-14 08:31:57.576095,530.43,22.07,30.98
2021-04-14 08:32:57.584437,529.84,22.08,30.98
2021-04-14 08:33:57.592811,530.69,22.05,30.98
2021-04-14 08:34:57.601155,533.57,22.05,30.99
2021-04-14 08:35:57.609521,531.71,22.05,30.92
2021-04-14 08:36:57.617400,531.62,22.07,30.96
2021-04-14 08:37:57.626137,533.04,22.08,30.96
2021-04-14 08:38:57.635478,534.03,22.10,30.88
2021-04-14 08:39:57.644793,531.13,22.07,30.87
2021-04-14 08:40:57.654127,531.17,22.13,30.87
2021-04-14 08:41:57.663428,532.83,22.14,30.87
2021-04-14 08:42:57.672760,531.54,22.14,30.84
2021-04-14 08:43:57.681064,531.31,22.08,30.88
2021-04-14 08:44:57.688944,531.08,22.08,30.88
2021-04-14 08:45:57.696676,539.62,22.13,30.85
2021-04-14 08:46:57.704987,539.41,22.11,30.85
2021-04-14 08:47:57.712283,543.11,22.17,30.85
2021-04-14 08:48:57.721291,544.41,22.17,30.88
2021-04-14 08:49:57.730225,547.95,22.18,30.87
2021-04-14 08:50:57.739222,546.63,22.18,30.91
2021-04-14 08:51:57.748215,547.71,22.17,30.90
2021-04-14 08:52:57.757263,550.40,22.15,30.97
2021-04-14 08:53:57.766320,550.99,22.18,30.99
2021-04-14 08:54:57.774371,553.99,22.20,30.95
2021-04-14 08:55:57.781494,555.45,22.21,30.93
2021-04-14 08:56:57.790567,557.55,22.18,31.03
2021-04-14 08:57:57.795745,564.50,22.18,31.18
2021-04-14 08:58:57.802871,565.69,22.20,31.12
2021-04-14 08:59:57.812002,567.63,22.22,31.05
2021-04-14 09:00:57.821187,568.21,22.21,31.32
2021-04-14 09:01:57.830350,570.20,22.20,31.15
2021-04-14 09:02:57.839534,572.81,22.24,31.10
2021-04-14 09:03:57.848719,576.73,22.20,31.17
2021-04-14 09:04:57.855939,578.35,22.21,31.20
2021-04-14 09:05:57.863137,579.98,22.22,31.29
2021-04-14 09:06:57.870345,581.47,22.18,31.36
2021-04-14 09:07:57.878586,583.81,22.20,31.34
2021-04-14 09:08:57.885339,586.29,22.20,31.34
2021-04-14 09:09:57.893639,588.67,22.21,31.36
2021-04-14 09:10:57.901240,589.49,22.24,31.32
2021-04-14 09:11:57.910459,590.76,22.27,31.23
2021-04-14 09:12:57.919725,589.69,22.27,31.36
2021-04-14 09:13:57.928947,593.14,22.29,31.25
2021-04-14 09:14:57.938133,592.24,22.32,31.23
2021-04-14 09:15:57.946017,595.03,22.32,31.19
2021-04-14 09:16:57.953232,595.96,22.38,31.21
2021-04-14 09:17:57.960470,599.59,22.38,31.18
2021-04-14 09:18:57.967690,602.94,22.38,31.16
2021-04-14 09:19:57.974977,600.95,22.42,31.08
2021-04-14 09:20:57.982167,604.13,22.38,31.16
2021-04-14 09:21:57.990863,606.74,22.41,31.14
2021-04-14 09:22:58.000471,609.35,22.42,31.14
2021-04-14 09:23:58.010239,613.68,22.46,31.19
2021-04-14 09:24:58.019948,620.23,22.46,31.10
2021-04-14 09:25:58.029654,621.97,22.45,31.15
2021-04-14 09:26:58.039307,623.98,22.46,31.13
2021-04-14 09:27:58.047479,625.88,22.48,31.13
2021-04-14 09:28:58.055146,624.81,22.50,31.13
2021-04-14 09:29:58.062628,626.13,22.50,31.07
2021-04-14 09:30:58.070145,625.80,22.46,31.06
2021-04-14 09:31:58.077676,626.51,22.48,31.12
2021-04-14 09:32:58.085170,627.55,22.51,31.06
2021-04-14 09:33:58.092645,630.28,22.50,31.13
2021-04-14 09:34:58.102101,634.39,22.52,31.14
2021-04-14 09:35:58.110977,636.99,22.58,32.41
2021-04-14 09:36:58.119469,637.20,22.55,31.34
2021-04-14 09:37:58.128764,644.33,22.48,31.35
2021-04-14 09:38:58.136246,649.50,22.50,31.36
2021-04-14 09:39:58.144709,658.62,22.46,31.39
2021-04-14 09:40:58.153662,663.53,22.41,31.63
2021-04-14 09:41:58.162059,673.37,22.41,31.61
2021-04-14 09:42:58.170462,675.81,22.36,31.77
2021-04-14 09:43:58.178837,680.97,22.39,31.81
2021-04-14 09:44:58.187208,685.32,22.35,31.77
2021-04-14 09:45:58.195590,680.14,22.38,31.79
2021-04-14 09:46:58.203952,674.15,22.39,31.73
2021-04-14 09:47:58.213316,671.74,22.39,31.81
2021-04-14 09:48:58.222682,667.11,22.41,31.75
2021-04-14 09:49:58.232069,664.83,22.41,31.82
2021-04-14 09:50:58.241461,666.12,22.42,31.75
2021-04-14 09:51:58.250773,669.47,22.45,31.82
2021-04-14 09:52:58.260145,675.81,22.42,31.82
2021-04-14 09:53:58.269527,678.42,22.45,31.97
2021-04-14 09:54:58.277920,679.15,22.48,31.81
2021-04-14 09:55:58.285214,680.90,22.54,31.73
2021-04-14 09:56:58.293230,680.83,22.55,31.64
2021-04-14 09:57:58.299432,679.29,22.54,31.74
2021-04-14 09:58:58.305938,683.61,22.56,31.63
2021-04-14 09:59:58.313218,683.24,22.58,31.66
2021-04-14 10:00:58.321711,685.70,22.59,31.66
2021-04-14 10:01:58.330702,689.63,22.61,31.67
2021-04-14 10:02:58.339750,690.18,22.62,31.72
2021-04-14 10:03:58.348764,695.88,22.68,31.71
2021-04-14 10:04:58.357871,697.04,22.63,31.71
2021-04-14 10:05:58.366954,696.22,22.68,31.68
2021-04-14 10:06:58.375029,698.25,22.68,32.02
2021-04-14 10:07:58.382565,698.66,22.69,31.86
2021-04-14 10:08:58.390739,700.60,22.71,31.73
2021-04-14 10:09:58.398950,702.27,22.73,31.70
2021-04-14 10:10:58.407126,700.79,22.75,31.78
2021-04-14 10:11:58.415314,700.45,22.78,31.66
2021-04-14 10:12:58.423475,701.98,22.79,31.73
2021-04-14 10:13:58.431758,701.46,22.82,31.65
2021-04-14 10:14:58.440465,706.47,22.82,31.62
2021-04-14 10:15:58.448663,707.80,22.82,31.65
2021-04-14 10:16:58.457322,713.47,22.80,31.63
2021-04-14 10:17:58.466565,715.94,22.85,31.64
2021-04-14 10:18:58.475787,717.65,22.86,31.80
2021-04-14 10:19:58.485021,723.35,22.87,31.74
2021-04-14 10:20:58.494282,724.13,22.83,31.72
2021-04-14 10:21:58.501516,728.67,22.86,31.65
2021-04-14 10:22:58.509373,735.86,22.90,31.75
2021-04-14 10:23:58.516543,737.62,22.92,31.69
2021-04-14 10:24:58.524282,742.65,22.90,31.91
2021-04-14 10:25:58.531117,746.96,22.89,31.88
2021-04-14 10:26:58.538426,744.36,22.92,31.83
2021-04-14 10:27:58.545627,746.96,22.90,31.83
2021-04-14 10:28:58.552896,747.09,22.92,31.73
2021-04-14 10:29:58.560141,744.62,22.92,31.72
2021-04-14 10:30:58.568694,744.31,22.94,31.70
2021-04-14 10:31:58.577641,744.20,22.99,31.62
2021-04-14 10:32:58.586629,748.63,23.00,31.56
2021-04-14 10:33:58.596675,749.60,23.03,31.50
2021-04-14 10:34:58.604257,750.47,23.03,31.54
2021-04-14 10:35:58.610793,752.06,23.06,31.39
2021-04-14 10:36:58.619518,755.65,23.04,31.48
2021-04-14 10:37:58.627581,759.36,23.06,31.48
2021-04-14 10:38:58.635671,765.60,23.09,31.50
2021-04-14 10:39:58.643834,771.41,23.06,31.39
2021-04-14 10:40:58.651978,776.13,23.10,31.36
2021-04-14 10:41:58.660162,775.37,23.10,31.44
2021-04-14 10:42:58.668265,778.10,23.14,31.40
2021-04-14 10:43:58.677446,773.50,23.14,31.27
2021-04-14 10:44:58.686700,773.42,23.16,31.16
2021-04-14 10:45:58.695822,773.72,23.17,31.13
2021-04-14 10:46:58.704987,777.51,23.17,31.13
2021-04-14 10:47:58.714167,779.86,23.19,31.33
2021-04-14 10:48:58.723329,783.48,23.16,31.07
2021-04-14 10:49:58.731030,786.07,23.14,31.18
2021-04-14 10:50:58.738305,788.08,23.17,31.22
2021-04-14 10:51:58.745433,793.49,23.16,31.12
2021-04-14 10:52:58.752646,794.67,23.19,31.12
2021-04-14 10:53:58.759875,796.51,23.17,31.07
2021-04-14 10:54:58.768112,795.91,23.16,31.16
2021-04-14 10:55:58.777845,794.98,23.17,31.09
2021-04-14 10:56:58.787085,795.53,23.19,31.11
2021-04-14 10:57:58.796767,799.81,23.20,31.03
2021-04-14 10:58:58.803545,800.66,23.23,30.95
2021-04-14 10:59:58.811758,799.79,23.21,30.95
2021-04-14 11:00:58.820411,804.24,23.24,30.91
2021-04-14 11:01:58.829286,804.56,23.24,30.89
2021-04-14 11:02:58.836483,808.62,23.23,30.93
2021-04-14 11:03:58.843254,813.24,23.27,30.89
2021-04-14 11:04:58.850505,816.96,23.27,30.85
2021-04-14 11:05:58.858924,821.42,23.29,30.94
2021-04-14 11:06:58.867143,832.50,23.31,30.90
2021-04-14 11:07:58.875423,832.82,23.33,30.88
2021-04-14 11:08:58.883051,829.69,23.34,30.77
2021-04-14 11:09:58.892083,831.75,23.33,30.75
2021-04-14 11:10:58.901747,831.84,23.34,30.77
2021-04-14 11:11:58.911262,831.77,23.37,30.64
2021-04-14 11:12:58.920353,830.59,23.36,30.74
2021-04-14 11:13:58.928889,832.32,23.38,30.65
2021-04-14 11:14:58.936840,836.01,23.36,30.69
2021-04-14 11:15:58.945366,844.53,23.42,30.64
2021-04-14 11:16:58.953697,849.13,23.42,30.59
2021-04-14 11:17:58.961675,849.31,23.42,30.64
2021-04-14 11:18:58.970082,851.91,23.44,30.59
2021-04-14 11:19:58.978510,853.57,23.45,30.57
2021-04-14 11:20:58.986901,856.86,23.45,30.55
2021-04-14 11:21:58.995274,856.47,23.47,30.53
2021-04-14 11:22:59.003688,856.78,23.51,30.57
2021-04-14 11:23:59.012361,860.46,23.48,30.41
2021-04-14 11:24:59.018802,866.90,23.52,30.47
2021-04-14 11:25:59.026081,867.62,23.52,30.22
2021-04-14 11:26:59.035031,867.22,23.50,30.22
2021-04-14 11:27:59.044400,865.51,23.57,30.25
2021-04-14 11:28:59.053758,865.17,23.57,30.16
2021-04-14 11:29:59.063081,859.73,23.60,30.15
2021-04-14 11:30:59.072407,859.53,23.61,30.08
2021-04-14 11:31:59.081706,863.00,23.60,30.08
